supplier_id,supplier_name,category,city,certification,years_with_us,size,order_count,on_time_delivery_percentage,total_quantity_ordered,total_quantity_rejected,average_price_change,average_responsiveness,overall_rejection_rate
SUP001,Nova Chemicals,Packaging,Chandigarh,,15,Large,10,90.0,24638,604,0.0174,2.7,0.024514976865005277
SUP002,Nova Metals,Logistics,Kochi,ISO 9001,17,Medium,12,91.66666666666666,30182,2449,0.0062499999999999995,3.0,0.08114107746338878
SUP003,Prime Metals,Packaging,Kochi,,1,Large,19,84.21052631578947,38153,2435,0.02521052631578947,3.5789473684210527,0.06382197992294183
SUP004,Prime Polymers,Chemicals,Kochi,ISO 9001,16,Medium,11,100.0,29202,1759,0.01709090909090909,3.4545454545454546,0.060235600301349224
SUP005,Shree Polymers,Components,Pune,,8,Medium,13,100.0,35088,985,-0.010384615384615384,3.1538461538461537,0.028072275421796626
SUP006,Sai Chemicals,Logistics,Lucknow,ISO 9001,18,Medium,17,94.11764705882352,34028,1872,0.0401764705882353,2.823529411764706,0.0550135182790643
SUP007,Nova Components,Components,Kochi,ISO 9001,12,Micro/Small (MSME),10,100.0,21828,258,0.0156,2.1,0.011819681143485432
SUP008,Vardhman Polymers,Packaging,Mumbai,ISO 9001 + ISO 14001,11,Large,17,88.23529411764706,33177,3102,0.01958823529411765,2.5294117647058822,0.09349850800253187
SUP009,Prime Packaging,Components,Nashik,ISO 9001,14,Large,12,100.0,33679,2938,0.01325,2.6666666666666665,0.0872353692211764
SUP010,Prime Components,Chemicals,Chandigarh,ISO 9001 + ISO 14001,12,Micro/Small (MSME),17,82.35294117647058,41410,1705,0.015941176470588236,2.9411764705882355,0.04117362955807776
SUP011,Global Metals,Packaging,Indore,ISO 9001,5,Large,20,95.0,50401,2724,0.01555,3.15,0.05404654669550207
SUP012,Global Packaging,Packaging,Bengaluru,,13,Micro/Small (MSME),11,90.9090909090909,28741,2823,0.014818181818181815,3.4545454545454546,0.09822205212066386
SUP013,Om Components,Logistics,Chennai,ISO 9001 + ISO 14001,15,Medium,13,92.3076923076923,38350,2597,0.030923076923076925,3.0,0.06771838331160365
SUP014,Om Metals,Chemicals,Surat,ISO 9001 + ISO 14001,3,Micro/Small (MSME),19,89.47368421052632,42458,3987,0.012947368421052631,2.5789473684210527,0.09390456451081068
SUP015,Om Polymers,Packaging,Kolkata,ISO 9001,7,Micro/Small (MSME),18,100.0,43575,1256,0.030722222222222224,3.0,0.028823866896156052
SUP016,Nova Polymers,Logistics,Bengaluru,ISO 9001 + ISO 14001,3,Micro/Small (MSME),17,94.11764705882352,43233,2052,0.02464705882352941,2.6470588235294117,0.04746374297411699
SUP017,Prime Logistics,Components,Chandigarh,ISO 9001,19,Micro/Small (MSME),13,92.3076923076923,35054,2477,-0.008384615384615384,3.769230769230769,0.07066240657271639
SUP018,Global Chemicals,Raw Material,Bhubaneswar,ISO 9001,7,Large,10,100.0,18803,1663,0.027800000000000002,3.5,0.08844333351061001
SUP019,Prime Components,Raw Material,Pune,ISO 9001 + ISO 14001,12,Medium,16,100.0,48699,3883,0.0336875,2.5,0.07973469681102281
SUP020,Global Textiles,Components,Coimbatore,ISO 9001,3,Large,12,91.66666666666666,29577,355,0.017833333333333333,3.0833333333333335,0.01200256956418839
SUP021,Shree Packaging,Packaging,Nashik,ISO 9001,4,Large,23,95.65217391304348,52990,4442,0.017391304347826087,2.9130434782608696,0.0838271371956973
SUP022,Global Textiles,Chemicals,Nagpur,ISO 9001,12,Medium,24,91.66666666666666,54297,3169,0.009333333333333332,3.0416666666666665,0.05836418218317771
SUP023,Sai Metals,Components,Patna,,9,Large,12,83.33333333333334,31617,1102,0.000416666666666667,2.9166666666666665,0.03485466679318088
SUP024,Nova Logistics,Logistics,Jaipur,,4,Micro/Small (MSME),12,100.0,32365,3252,0.022750000000000003,3.1666666666666665,0.10047891240537618
SUP025,Shree Textiles,Components,Bengaluru,,5,Large,15,86.66666666666667,36822,1756,0.014266666666666667,1.9333333333333333,0.04768888164684156
SUP026,Om Chemicals,Packaging,Kolkata,ISO 9001 + ISO 14001,17,Micro/Small (MSME),7,100.0,18340,1777,-0.0041428571428571434,2.7142857142857144,0.09689203925845147
SUP027,Vardhman Packaging,Raw Material,Kochi,,10,Large,13,84.61538461538461,26118,2301,0.015461538461538462,3.076923076923077,0.08810016080863772
SUP028,Vardhman Logistics,Packaging,Bhubaneswar,ISO 9001 + ISO 14001,1,Large,12,100.0,25930,1954,0.0061666666666666675,2.8333333333333335,0.07535672965676822
SUP029,Sai Chemicals,Raw Material,Hyderabad,,19,Large,18,94.44444444444444,40584,1778,0.021722222222222223,2.5555555555555554,0.04381036861817465
SUP030,Global Packaging,Chemicals,Pune,ISO 9001,10,Large,16,100.0,39377,1445,0.01525,2.375,0.036696548746730326
SUP031,Om Metals,Packaging,Jaipur,ISO 9001,14,Medium,10,90.0,23315,1467,0.028700000000000003,2.1,0.06292086639502466
SUP032,Om Logistics,Components,Mumbai,ISO 9001,8,Medium,21,90.47619047619048,41357,4203,0.02019047619047619,2.9047619047619047,0.10162729404937496
SUP033,Prime Textiles,Chemicals,Indore,ISO 9001 + ISO 14001,9,Large,15,93.33333333333333,34857,351,0.0025999999999999986,2.8666666666666667,0.010069713400464756
SUP034,Apex Textiles,Packaging,Indore,ISO 9001,11,Medium,12,91.66666666666666,36542,767,0.002583333333333333,2.75,0.02098954627551858
SUP035,Global Metals,Packaging,Nashik,ISO 9001 + ISO 14001,14,Large,21,85.71428571428571,43635,2300,0.0050952380952380945,2.9523809523809526,0.05270998052022459
SUP036,Prime Packaging,Packaging,Delhi,ISO 9001,12,Micro/Small (MSME),16,100.0,38407,3107,0.0140625,2.1875,0.0808967115369594
SUP037,Om Textiles,Chemicals,Kolkata,ISO 9001 + ISO 14001,12,Micro/Small (MSME),20,95.0,39236,3230,0.0121,2.9,0.08232235701906412
SUP038,Prime Textiles,Packaging,Guwahati,,16,Medium,11,100.0,32293,1622,0.011454545454545455,3.272727272727273,0.050227603505403645
SUP039,Sai Packaging,Components,Nashik,ISO 9001,7,Medium,16,87.5,35254,1484,0.009125,3.1875,0.04209451409769104
SUP040,Prime Chemicals,Logistics,Jaipur,ISO 9001,15,Medium,19,94.73684210526315,50738,2754,0.023842105263157897,3.263157894736842,0.05427884425874098
